absolute,accordian
abundant,acid
acrobatic,acorn
active,addax
adept,adventure
admirable,afternoon
admired,agouti
adorable,airplane
adored,albatross
adoring,alchemy
advanced,algorithm
adventurous,alien
affectionate,alligator
agile,almond
agreeable,alpaca
altruistic,alpha
amazing,amethyst
ambitious,amulet
amiable,anaconda
angelic,analysis
animated,anchor
approachable,anemone
ardent,angel
artistic,answer
astonishing,ant
astounding,anteater
athletic,antelope
audacious,antlion
authentic,apple
awesome,apricot
balanced,armadillo
beautiful,armor
benevolent,array
blissful,art
blue,artifact
boisterous,artist
bouncy,ash
bountiful,asteroid
brainy,astronaut
brave,atom
bright,auk
brilliant,aurora
bubbly,author
calm,autumn
candid,avocado
capable,axe
carefree,backpack
caring,bacon
celestial,badger
charming,bagel
cheerful,ballet
cheery,balloon
chivalrous,bamboo
classy,banana
clever,bandicoot
colorful,banjo
colossal,bank
compassionate,bard
competent,bark
confident,barnacle
conscientious,barracuda
considerate,basil
cool,basilisk
cooperative,basketball
courageous,bass
creative,bat
cuddly,bathroom
curious,battery
dapper,beach
daring,bear
dashing,beauty
decent,beaver
dedicated,bed
delicate,bedroom
delicious,bee
delightful,beetle
dependable,behemoth
desirable,bell
determined,beluga
devoted,beta
diligent,bicycle
dreamy,bilby
dynamic,binturong
eager,bird
easygoing,birthday
ebullient,biscuit
ecstatic,bison
educated,black
effective,blackberry
effervescent,blanket
efficient,blossom
elated,blue
electric,blueberry
elegant,boar
empathetic,boat
enchanting,bongo
encouraging,bonobo
endearing,book
energetic,boots
engaging,boulder
enlightened,branch
enthusiastic,bravery
entertaining,breeze
enterprising,bridge
equitable,broccoli
essential,bronze
euphoric,broom
even-tempered,brown
evergreen,brownie
everlasting,brush
excellent,bubble
exceptional,bucket
excited,buffalo
exciting,bull
exotic,bumblebee
experienced,bunny
expert,burger
exquisite,burrito
exuberant,bus
fabulous,business
fair,butter
faithful,butterfly
fancy,button
fantastic,cabbage
fascinating,cabinet
fearless,cactus
festive,caiman
fiery,cake
fierce,camel
fine,camera
flashy,camp
flawless,candy
flexible,canyon
flowery,cape
fluffy,captain
focused,capuchin
fortunate,car
friendly,caracal
frisky,caramel
fragrant,cardinal
fun,caribou
fun-loving,carnival
functional,carp
funny,carrot
fuzzy,cashew
galactic,cassowary
gallant,castle
generous,cat
gentle,caterpillar
genuine,ceiling
giant,cello
gifted,centaur
giggly,centipede
giddy,cerberus
glamorous,chain
gleaming,chair
glistening,challenge
glittering,chameleon
glossy,champion
glowing,chance
good,change
goofy,charity
gorgeous,cheer
graceful,cheese
gracious,cheetah
great,chef
gregarious,chemistry
groovy,cherry
happy,chickadee
hardworking,chicken
hardy,chili
harmless,chimera
harmonious,chimpanzee
healthy,chinchilla
heartfelt,chipmunk
hearty,chocolate
heavenly,choice
helpful,circle
heroic,circuit
high-spirited,circus
hilarious,city
honest,civet
honorable,clavier
hopeful,clay
hospitable,client
huge,clock
humble,cloud
humorous,clover
ideal,cluster
idealistic,coat
illustrious,cobra
imaginative,cockatrice
immaculate,cocoa
impartial,coconut
impassioned,code
impeccable,coffee
impressive,coin
incredible,comb
independent,comet
industrious,comfort
ingenious,community
innovative,company
inquisitive,compass
insightful,competition
inspiring,compound
intelligent,computer
intense,concept
interesting,confetti
intrepid,continent
inventive,control
invincible,cookie
jolly,cosmos
jovial,costume
joyful,cougar
joyous,country
jubilant,courage
judicious,cow
juicy,coyote
jumbo,crab
keen,cranberry
kind,crayfish
kindhearted,crayon
kindly,cream
knowing,cricket
knowledgeable,crocodile
laidback,croissant
large,crow
lavish,crown
lawful,crystal
leafy,cube
light,cucumber
lighthearted,cupcake
lively,curiosity
loyal,currency
lovable,curve
lovely,cyclops
loving,daisy
lucid,dance
lucky,data
lustrous,day
magical,deer
magnanimous,delight
magnificent,delta
majestic,demon
merry,desert
meticulous,design
mighty,desk
mirthful,device
mobile,dew
modern,diamond
modest,dinosaur
motivated,discussion
multicolored,djinn
musical,doctor
mysterious,dodo
mythical,dog
naive,dolphin
neat,donkey
needed,donut
new,doodle
nice,door
nimble,dove
nocturnal,dragon
noble,dragonfly
notable,drawing
novel,dream
nutritious,dress
nutty,drill
objective,druid
observant,drum
oceanic,duck
open,dumpling
optimistic,dungeon
organized,dust
original,duty
outgoing,dwarf
outlandish,eagle
outstanding,eclipse
passionate,eden
peaceful,electricity
peppy,element
perfect,elephant
perky,elf
persistent,elk
phenomenal,ember
philosophical,emerald
playful,emu
pleasant,energy
pleased,engine
pleasing,engineer
plucky,epsilon
poised,evening
polished,exam
polite,example
popular,experience
positive,explorer
powerful,fact
practical,factor
precious,fair
precise,fairy
pretty,falcon
priceless,fan
pristine,feather
productive,fern
prominent,ferret
proper,festival
protective,file
proud,fire
prudent,firefly
pure,fish
purple,flame
purposeful,flamingo
quaint,flashlight
qualified,floor
quick,flower
quickwitted,flute
quiet,fly
quirky,fog
radiant,folder
rapid,football
rational,force
ravishing,forest
ready,formula
realistic,fossa
reasonable,fossil
receptive,fox
refreshing,frame
reliable,frog
remarkable,fudge
resilient,fusion
resolute,future
resourceful,gadget
respectful,galaxy
responsible,game
responsive,gamma
revered,garage
rewarding,garden
rich,garlic
robust,garnet
romantic,gecko
rosy,gemstone
royal,genet
rugged,genius
safe,gerbil
sagacious,gerenuk
satisfying,ghost
sassy,giant
savvy,gibbon
scenic,gift
scholarly,ginger
secure,gingerbread
selfless,giraffe
sensible,gizmo
sensitive,glacier
serene,glimmer
sharp,glitch
shimmering,glitter
shiny,glory
sincere,gloves
skilled,gnome
sleek,gnu
smart,goat
smiling,goblin
smooth,gold
snappy,golem
snazzy,goose
sociable,gorgon
soft,gorilla
sparkling,grape
sparkly,grass
spicy,grasshopper
spirited,gravity
spontaneous,gray
sporty,green
sprightly,griffin
spunky,grimoire
stable,guardian
stunning,guitar
stylish,gumdrop
suave,hall
successful,hammer
sunny,hammock
super,hamster
superb,happiness
supportive,harbor
surprising,hardware
sweet,harmonica
swift,harmony
symbolic,harp
sympathetic,hawk
talented,heart
talkative,hedgehog
tasty,hen
tenacious,hero
terrific,heron
thorough,highway
thoughtful,hippo
thrilling,hippogriff
thunderous,hippopotamus
timeless,hobby
timely,hockey
tiny,holiday
tolerant,home
tough,honesty
tranquil,honey
transparent,honor
triumphant,hope
trusting,horse
trustworthy,host
truthful,house
ultimate,hummingbird
unbeatable,hydra
uncommon,hyena
undaunted,ibis
undeniable,ice
unique,iguana
united,imp
universal,improvement
unruffled,innocence
upbeat,innovation
upright,inspiration
urbane,intelligence
urban,island
useful,jackal
valiant,jackrabbit
valuable,jaguar
vast,jam
venerable,javelina
vibrant,jazz
victorious,jelly
vigorous,jellybean
virtuous,jellyfish
visionary,jewel
vivid,joy
warm,juice
warmhearted,kakapo
wealthy,kangaroo
welcoming,kazoo
whimsical,kea
whole,ketchup
wholesome,key
willing,kiang
wise,killdeer
witty,kitchen
wonderful,kite
wondrous,kitten
worthy,kiwi
young,knight
youthful,knowledge
yummy,koala
zany,kraken
zealous,labyrinth
zen,ladder
zesty,ladybug
zigzag,lake
zippy,lambda
,lamp
,lamprey
,language
,lantern
,lapwing
,laser
,laughter
,law
,leadership
,leaf
,legend
,lemming
,lemon
,lemonade
,leopard
,leviathan
,liberty
,library
,lich
,life
,light
,lighthouse
,lightning
,lily
,lime
,lion
,literature
,lizard
,llama
,lobster
,logic
,lollipop
,lorikeet
,lotus
,love
,loyalty
,luck
,macadamia
,machine
,mage
,magic
,magician
,management
,mango
,manticore
,map
,marble
,market
,markhor
,marlin
,marshmallow
,marten
,mask
,math
,matrix
,mayfly
,maze
,meadow
,medicine
,melody
,melon
,memory
,mermaid
,meteor
,method
,metro
,microphone
,midnight
,milkshake
,millipede
,mind
,minotaur
,mint
,minute
,miracle
,mirror
,mischief
,mission
,mist
,model
,module
,molecule
,monarch
,money
,monkey
,monster
,moon
,moonbeam
,moonlight
,moose
,mop
,morning
,mosquito
,moth
,motor
,mountain
,mouse
,movie
,mud
,muffin
,mule
,mummy
,museum
,music
,musician
,mussel
,mustard
,mystery
,myth
,nacho
,nail
,nature
,nebula
,neighbor
,nest
,neutron
,newt
,night
,ninja
,noodle
,nova
,nugget
,nutria
,nyala
,oboe
,ocean
,octopus
,ogre
,oil
,olive
,omega
,onion
,onyx
,opal
,opera
,orange
,orangutan
,orbit
,orchid
,order
,oryx
,ostrich
,otter
,oval
,owl
,paca
,package
,paintbrush
,painting
,paladin
,pancake
,panda
,panther
,pants
,papaya
,paradise
,park
,parrot
,particle
,party
,pasta
,pattern
,peace
,peach
,peacock
,peanut
,pear
,pearl
,pebble
,pecan
,pegasus
,pelican
,pencil
,penguin
,pepper
,person
,phoenix
,phone
,photon
,piano
,pickle
,pie
,pig
,pigeon
,pike
,pillow
,pilot
,pineapple
,pink
,pirate
,pistachio
,pixel
,pixie
,pizza
,plan
,planet
,platform
,platypus
,plum
,poet
,poetry
,pop
,popcorn
,population
,porcupine
,port
,portal
,possum
,potato
,potion
,power
,pretzel
,priority
,problem
,project
,prototype
,ptarmigan
,pudu
,pumpkin
,puppet
,puppy
,purple
,puzzle
,pyramid
,python
,quality
,quantum
,quartz
,quasar
,quesadilla
,question
,rabbit
,raccoon
,radar
,rain
,rainbow
,raincoat
,rainforest
,rake
,ramen
,raspberry
,rat
,ratio
,raven
,reality
,record
,rectangle
,relic
,respect
,responsibility
,restaurant
,result
,rhino
,rhinoceros
,rhythm
,riddle
,river
,road
,robin
,robot
,rock
,rocket
,roof
,room
,rooster
,rope
,rose
,ruby
,rugby
,rule
,rune
,safety
,sage
,salamander
,salt
,samurai
,sanctuary
,sand
,sandwich
,sapphire
,satellite
,satisfaction
,satyr
,saw
,saxophone
,scarf
,schedule
,science
,scientist
,scooter
,scorpion
,screw
,scroll
,sculpture
,seagull
,seahorse
,seal
,seashell
,secret
,security
,serenity
,server
,shadow
,shampoo
,shark
,sheep
,shelf
,shell
,shield
,ship
,shipwreck
,shirt
,shoes
,shovel
,shrimp
,shuttle
,sigma
,signal
,significance
,silver
,siren
,skateboard
,skeleton
,skirt
,skunk
,sky
,sleep
,sloth
,slug
,smile
,smoke
,smoothie
,snail
,snake
,snow
,soap
,soccer
,socks
,sofa
,song
,soot
,sorcerer
,sorcery
,soul
,spaceship
,spacesuit
,spark
,sparkle
,sparrow
,spectrum
,spell
,sphere
,sphinx
,spice
,spider
,spirit
,spring
,springbok
,sprite
,square
,squid
,squirrel
,stack
,stairs
,star
,stardust
,starfish
,starlight
,starling
,stick
,stoat
,stone
,storage
,stork
,storm
,story
,strawberry
,street
,structure
,sturgeon
,submarine
,suburb
,success
,sugar
,suitcase
,summer
,sun
,sunflower
,sunrise
,sunset
,sunshine
,surprise
,sushi
,swan
,sword
,swordfish
,table
,taco
,taffy
,tahr
,talent
,talisman
,tamarin
,tambourine
,tarantula
,tart
,task
,tea
,team
,telescope
,temple
,tennis
,tent
,theater
,theory
,theta
,throne
,thunder
,thyme
,ticket
,tiger
,toast
,tomato
,tomorrow
,tool
,toothbrush
,topaz
,tornado
,tortoise
,totem
,toucan
,towel
,toy
,train
,travel
,treasure
,tree
,treetop
,triangle
,troll
,trout
,truck
,trumpet
,trust
,tulip
,turkey
,turtle
,twig
,twilight
,uakari
,ukulele
,umbrella
,unicorn
,unity
,universe
,utopia
,vacation
,valley
,vampire
,vanilla
,vector
,vehicle
,victory
,vine
,vinegar
,violet
,violin
,viper
,virtue
,vision
,volcano
,volleyball
,vulture
,waffle
,wall
,walrus
,wand
,water
,waterfall
,watermelon
,wealth
,weapon
,weasel
,werewolf
,whale
,whisker
,whisper
,whistle
,white
,wind
,window
,winter
,wisdom
,witch
,wizard
,wolf
,wonderland
,woodpecker
,world
,worm
,wren
,writer
,wyvern
,xylophone
,yak
,yeti
,zeal
,zebra
,zephyr
,zombie